Filename,Contrast,Homogeneity,Entropy
gundul (1).jpg,52.483394607843394,0.28077301848576147,10.83883309437771
gundul (10).jpg,53.80894607843158,0.2762001363205503,10.681469067348406
gundul (100).jpg,187.41492034313703,0.19632947007493579,12.35198864777361
gundul (101).jpg,111.46518075980421,0.22000284035054807,11.968527689337177
gundul (102).jpg,168.4375306372552,0.20592506220156095,12.593210902731926
gundul (103).jpg,176.97405024509683,0.20271917356038358,12.31753214138768
gundul (104).jpg,123.85508578431363,0.22223573604839644,11.851900868035353
gundul (105).jpg,104.39434742646984,0.23643740471700506,11.506802298185193
gundul (106).jpg,65.64318321078447,0.2578883075467053,11.202727868547653
gundul (107).jpg,71.9844056372547,0.2592079944251217,10.888848630427017
gundul (108).jpg,41.43935355392178,0.32249075402145694,10.344325015250407
gundul (109).jpg,42.64382659313757,0.3028093052396872,10.253131640685154
gundul (11).jpg,49.47870710784327,0.2877161320205918,10.462330525596036
gundul (110).jpg,46.45988051470634,0.3048280376624703,10.44687154330692
gundul (111).jpg,46.625765931373174,0.30380982794898104,10.594976351240224
gundul (112).jpg,63.11761642156942,0.3016904176398754,10.571841359375767
gundul (113).jpg,52.90598958333352,0.2862380386375487,10.254427402702628
gundul (114).jpg,57.03789828431437,0.3010330148582544,10.518148120495779
gundul (115).jpg,68.52898284313741,0.2675841129656658,11.532415036208246
gundul (116).jpg,58.38651960784353,0.2697306645426812,10.973923007095207
gundul (117).jpg,63.406403186274886,0.2637310040077505,10.587808888345762
gundul (118).jpg,76.17363664215681,0.2452975131741808,11.415007687906225
gundul (119).jpg,70.34186580882364,0.26501495230898486,11.326615696786462
gundul (12).jpg,68.88198529411761,0.2621707422814206,11.148732810035682
gundul (120).jpg,117.06246936274485,0.2100922746442506,12.015253933482184
gundul (121).jpg,120.99770220588088,0.22521636563439024,11.942436117494331
gundul (122).jpg,188.8464001225488,0.19785831999681958,12.557326058531709
gundul (123).jpg,135.2846200980396,0.22034613195712535,12.325510285137506
gundul (124).jpg,122.33630514705901,0.2136892442712411,12.10961284408182
gundul (125).jpg,118.86182598039186,0.21995543208623697,11.843693338636395
gundul (126).jpg,154.6621476715689,0.204332988645186,12.420687346963339
gundul (127).jpg,128.81547181372594,0.21985083390235377,12.303351701448571
gundul (128).jpg,79.7671109068623,0.2669362531814062,11.848085278709805
gundul (129).jpg,108.0763480392154,0.21859753751629252,11.560042177883826
gundul (13).jpg,53.69152879901995,0.28332725643654366,10.909626738185471
gundul (130).jpg,68.64335171568604,0.26709196714131894,10.856271247215526
gundul (131).jpg,148.43877144607902,0.2005191619001691,12.405645748710413
gundul (132).jpg,190.20117953431415,0.20109712156533296,12.238652968379963
gundul (133).jpg,107.22066482843057,0.23850554235599433,11.705928589922092
gundul (134).jpg,102.84166666666708,0.22114726702440934,11.561574814404128
gundul (135).jpg,52.025229779412165,0.26644945482147014,10.28401199701394
gundul (136).jpg,35.0463694852943,0.2951244577489553,9.383201736370772
gundul (137).jpg,63.580254289216,0.2597568939194723,10.704361703903803
gundul (138).jpg,21.400597426470647,0.38126893234733483,9.619782850639707
gundul (139).jpg,39.69497549019642,0.3109605941143155,10.447323058203597
gundul (14).jpg,38.53466605392168,0.3107363071828206,9.788621448146497
gundul (140).jpg,40.32634803921643,0.3279057843264932,10.963575316609814
gundul (141).jpg,16.887745098039222,0.3942615013560835,9.25852558064088
gundul (142).jpg,43.98906250000044,0.30472998558759823,10.577650286105314
gundul (143).jpg,36.89044117647084,0.3119586493466209,10.418677677376982
gundul (144).jpg,25.921936274509886,0.36061324787262095,9.409451329299861
gundul (145).jpg,26.358685661764675,0.34668526176600095,9.192803599035777
gundul (146).jpg,41.930009191176794,0.3050399056314064,10.267911888230707
gundul (147).jpg,30.037454044117688,0.338979389301659,9.780544434423229
gundul (148).jpg,28.459574142156885,0.34502129423211286,9.617861962804055
gundul (149).jpg,57.6766697303922,0.267300454110933,10.607434041767164
gundul (15).jpg,43.48311887254922,0.304501382671711,10.603417906933775
gundul (150).jpg,71.34051776960753,0.2482459865593489,11.163080582569659
gundul (151).jpg,60.98567708333377,0.28917165722895144,10.322998220230925
gundul (152).jpg,55.82584252451003,0.2667978267771641,10.333297836618812
gundul (153).jpg,104.96395526960742,0.22874585659099228,11.14062141407854
gundul (154).jpg,119.5484987745098,0.21428548365537722,11.54555415669857
gundul (155).jpg,118.45767463235221,0.21798911532779197,11.492319908664909
gundul (156).jpg,109.55487132352933,0.2248968901700417,11.338360891333737
gundul (157).jpg,108.27201286764677,0.21770646330989496,11.038999300346218
gundul (158).jpg,173.89459252450987,0.2076945225995728,11.914294100569593
gundul (159).jpg,65.02549019607868,0.2640831866138112,11.167224273270941
gundul (16).jpg,51.1418198529415,0.2855655148094448,10.866289603185711
gundul (160).jpg,83.05248161764622,0.2505262894834075,11.582849206286514
gundul (161).jpg,81.68169424019499,0.24800719950255282,11.321036611472879
gundul (162).jpg,88.43022365196082,0.24119773996991106,11.113344087211804
gundul (163).jpg,123.85588235294063,0.22542636731466126,11.782158433359937
gundul (164).jpg,77.14341299019591,0.2463912140820815,10.848156540695864
gundul (165).jpg,116.03039215686277,0.22234108105064804,11.7279261676589
gundul (166).jpg,147.69019607843174,0.19882106958473914,12.407272192460933
gundul (167).jpg,44.74060968137288,0.30216886437629403,11.496482956489446
gundul (168).jpg,129.03112745098,0.20984533220811716,11.754571912517378
gundul (169).jpg,100.98656556372518,0.2342040885395247,11.283498469240426
gundul (17).jpg,41.11294424019628,0.2930053409500232,10.165358714372138
gundul (170).jpg,77.49177389705908,0.2515612420495806,11.153489098305146
gundul (171).jpg,80.22104779411752,0.25170333819720825,10.919531121212852
gundul (172).jpg,96.67921262254885,0.2360779527341363,11.68044713931323
gundul (173).jpg,79.49603247549004,0.24663789958780474,11.248467106377658
gundul (174).jpg,47.71190257352973,0.27639292549116523,10.658304650061034
gundul (175).jpg,47.301761642157174,0.2921586678872765,10.578380096673648
gundul (176).jpg,42.55245098039248,0.28903394955310824,10.42528649336435
gundul (177).jpg,80.1732536764699,0.2620720855284537,11.13857439559508
gundul (178).jpg,62.35151654411793,0.2617540588409734,10.284673031714485
gundul (179).jpg,47.72464767156899,0.27709006235579686,10.63812407647911
gundul (18).jpg,55.68540134803938,0.26919633483280925,10.74522001649278
gundul (180).jpg,69.95327818627428,0.23925125130508046,10.438213263776767
gundul (19).jpg,59.92159926470627,0.2781792764029966,10.82300274454506
gundul (2).jpg,45.34370404411784,0.28029048189226846,10.448429002391451
gundul (20).jpg,73.35407475490219,0.25051473181182476,11.11729203223545
gundul (21).jpg,63.80047487745131,0.2594787826813378,10.936692479976498
gundul (22).jpg,60.53946078431413,0.2740549038238072,10.804151206588399
gundul (23).jpg,41.781939338235524,0.30493287678804804,10.232134050636652
gundul (24).jpg,67.74382659313713,0.25762491670485027,10.934198006515118
gundul (25).jpg,63.460386029411914,0.26507651400387733,10.86195654517124
gundul (26).jpg,67.63990502450932,0.2578769752646712,10.957119326924783
gundul (27).jpg,56.75810355392188,0.2769780863558981,10.740018036085745
gundul (28).jpg,47.633900122549235,0.2916756218892662,10.328430887754186
gundul (29).jpg,56.43218443627482,0.26612003846128485,10.777357544285486
gundul (3).jpg,43.47219669117673,0.28833671582695003,10.419271641219064
gundul (30).jpg,50.44917279411787,0.293412049981872,10.65881066798187
gundul (31).jpg,79.24453124999947,0.24404447885783073,11.356760238889064
gundul (32).jpg,62.15062806372586,0.27285954118106887,10.780137891468552
gundul (33).jpg,78.315762867647,0.23130044753743562,11.054696740930844
gundul (34).jpg,72.48160232843102,0.2377410937065124,11.019627553934388
gundul (35).jpg,68.58261335784312,0.24698430766885313,11.026722026608597
gundul (36).jpg,111.43340992646944,0.23622513474217827,11.55320185541284
gundul (37).jpg,126.40791973039144,0.24015326864203762,11.140211299768097
gundul (38).jpg,91.87000612745061,0.2522435024763033,10.860350365373233
gundul (39).jpg,57.05989583333377,0.28052571343988336,10.338553645004573
gundul (4).jpg,38.89333639705924,0.3099691826832565,10.140724372938136
gundul (40).jpg,109.609834558823,0.23071099055080518,11.387868724998016
gundul (41).jpg,78.25310968137232,0.2616385614685949,10.588755229253172
gundul (42).jpg,113.63491115196078,0.23163297095932975,11.221243709400806
gundul (43).jpg,106.60435049019586,0.22792130373601927,11.308999331210064
gundul (44).jpg,40.4495404411767,0.2993021678773763,9.42329094321144
gundul (45).jpg,67.68780637254902,0.2615623094305982,10.96248693602933
gundul (46).jpg,92.4005667892155,0.2368788237408322,11.499245435098796
gundul (47).jpg,91.2937040441171,0.2561605324849085,10.823480261703693
gundul (48).jpg,131.90055147058746,0.2150129266800309,11.46493951551806
gundul (49).jpg,87.13621323529368,0.24898136800645532,10.819771267310525
gundul (5).jpg,51.31413909313775,0.27838840745915777,10.952993871374026
gundul (50).jpg,47.9413449754903,0.2885305911377129,10.38389892016598
gundul (51).jpg,64.63028492647071,0.256425909965319,11.130986111977052
gundul (52).jpg,98.61372549019558,0.23715151253100855,11.402907710190627
gundul (53).jpg,158.4474111519608,0.20647309670200173,11.720938309424712
gundul (54).jpg,84.43368566176453,0.2518263724545906,10.728733764535313
gundul (55).jpg,104.92758884803932,0.22480273318496188,11.526043321547954
gundul (56).jpg,82.90379901960726,0.2468058561396859,11.022699584601565
gundul (57).jpg,74.14964767156823,0.25176034671493835,10.723260902304705
gundul (58).jpg,79.22336090686271,0.24714772938160573,10.984214162388259
gundul (59).jpg,75.33598345588194,0.2557131483376216,11.053911283049262
gundul (6).jpg,64.12110906862763,0.26315944163517324,11.11806541368096
gundul (60).jpg,62.270940563726015,0.2576775897572115,10.407348027663259
gundul (61).jpg,105.39679840686242,0.23271666669869046,11.25953452286429
gundul (62).jpg,100.79218749999976,0.2319623346100189,11.15445771091696
gundul (63).jpg,68.32473958333327,0.25075230753139277,10.895303090830671
gundul (64).jpg,116.97403492647051,0.21767245023167542,11.419683614609273
gundul (65).jpg,93.89701286764668,0.230462415831528,11.273333034520348
gundul (66).jpg,109.54515931372514,0.23170026207271985,11.195771970215496
gundul (67).jpg,136.7051930147059,0.2039735210822787,11.699161966214136
gundul (68).jpg,68.87662377450988,0.2512962152218977,10.64362510664464
gundul (69).jpg,92.0737745098037,0.24122162487372278,11.122870185692893
gundul (7).jpg,44.43772977941205,0.294696625044459,10.547679095942128
gundul (70).jpg,91.30012254901959,0.23015532673073372,11.314065102599338
gundul (71).jpg,147.26537990196076,0.20487985465563338,11.964240393930723
gundul (72).jpg,211.04941789215806,0.183908335816781,12.529291462696685
gundul (73).jpg,102.05197610294053,0.21971237093382462,11.63802971612712
gundul (74).jpg,74.89937193627406,0.2527411271320216,11.158824782306299
gundul (75).jpg,116.7816636029405,0.23237205772998082,11.694375069063623
gundul (76).jpg,107.31289828431336,0.2177001539037749,11.860878139160928
gundul (77).jpg,121.43920036764716,0.2073747574870273,11.842729050395402
gundul (78).jpg,92.04060968137183,0.24189907517074216,11.26305634377262
gundul (79).jpg,216.88125000000116,0.18256130683514357,12.533802823893977
gundul (8).jpg,52.25877757352947,0.2746914494273957,10.668143208438284
gundul (80).jpg,197.02538296568596,0.18817363922352323,12.541836887059496
gundul (81).jpg,78.5363511029403,0.23888984595075058,11.191357617485254
gundul (82).jpg,111.29672181372517,0.21630004554924423,11.769757650489401
gundul (83).jpg,79.23595281862733,0.24560391994454137,11.438053160156292
gundul (84).jpg,72.76980698529376,0.25009189343115673,11.011676759171623
gundul (85).jpg,141.77979473039144,0.21158206521576045,12.105497811238147
gundul (86).jpg,248.05266544117643,0.1653952620562237,12.734877453049858
gundul (87).jpg,247.67097120098057,0.17827878495144356,12.699575038822289
gundul (88).jpg,84.44739583333275,0.23953517173250424,11.212162517956616
gundul (89).jpg,100.25534620098088,0.23182880088584767,11.891171578663098
gundul (9).jpg,47.9588082107845,0.2862379385180569,10.481853422462963
gundul (90).jpg,73.90776654411772,0.24908662851268099,11.49580797338399
gundul (91).jpg,97.62225796568634,0.22130936981684343,11.457174679168865
gundul (92).jpg,77.19640012254855,0.23805597441130746,11.507785345642516
gundul (93).jpg,112.833578431373,0.21698630104557845,12.22266469181599
gundul (94).jpg,107.56832107843121,0.21920951353101906,12.073522414249483
gundul (95).jpg,118.11879595588239,0.21109678435687199,12.170690469056192
gundul (96).jpg,52.702803308823775,0.2590932821714757,9.959855377985383
gundul (97).jpg,64.01309742647115,0.242812409175507,10.70716067890855
gundul (98).jpg,60.906541053921956,0.247894165842891,11.316942345717377
gundul (99).jpg,117.22054227941153,0.22242897596973588,11.49298651223689
gundul (1).jpg,1504.8202205882358,0.9305016720802779,0.9966659985494263
gundul (10).jpg,1186.5211856617652,0.9368257725940163,0.9259292719197539
gundul (100).jpg,131.0447610294118,0.994757178751971,0.10250681531231884
gundul (101).jpg,124.06856617647058,0.9928250088047876,0.13874999031159216
gundul (102).jpg,543.8337009803923,0.9795985153325656,0.34970102104316636
gundul (103).jpg,205.01740196078433,0.991183440975388,0.16342577356481322
gundul (104).jpg,57.12601102941176,0.9966382438648049,0.06972385017625675
gundul (105).jpg,57.22591911764707,0.9973815951797401,0.05508453544254205
gundul (106).jpg,195.58700980392157,0.9918390225602378,0.15132221445239857
gundul (107).jpg,0.0,1.0,-0.0
gundul (108).jpg,1315.5859834558828,0.9597618049597222,0.6080749010328216
gundul (109).jpg,1133.153860294118,0.9635125137215123,0.559036862940498
gundul (11).jpg,684.3434895833335,0.963230391805023,0.5829715202046986
gundul (110).jpg,43.24601715686275,0.9984381084687212,0.033649162462561666
gundul (111).jpg,53.35358455882354,0.9956073099899995,0.08997803652173145
gundul (112).jpg,1678.6703584558827,0.9500136332098974,0.728217892029029
gundul (113).jpg,64.91632965686274,0.9966227164259256,0.06902406576466001
gundul (114).jpg,120.46034007352945,0.9932309201922258,0.12938989184705088
gundul (115).jpg,25.733670343137256,0.9978413794365031,0.047365848444376975
gundul (116).jpg,0.0,1.0,-0.0
gundul (117).jpg,0.0,1.0,-0.0
gundul (118).jpg,1610.2474571078442,0.9534222589216329,0.6811239760914567
gundul (119).jpg,1347.4745098039216,0.936842882231913,0.9213027349810098
gundul (12).jpg,578.9850490196081,0.9650472391611282,0.5564230246277209
gundul (120).jpg,11.89874387254902,0.9987256995260859,0.030221572144749267
gundul (121).jpg,21.8015625,0.9974357786256035,0.05498913533019527
gundul (122).jpg,607.1504901960784,0.9686328188588729,0.5083583916090775
gundul (123).jpg,3794.573023897059,0.8984998811739406,1.3158704842705666
gundul (124).jpg,61.17723651960785,0.9953683850797073,0.09300047071980115
gundul (125).jpg,255.9720281862745,0.9834640219937305,0.29384712142043634
gundul (126).jpg,43.38036151960783,0.9977540000479916,0.049310526888780126
gundul (127).jpg,328.0687193627451,0.9883751829990804,0.20594239878254175
gundul (128).jpg,1074.4626072303927,0.9722351989108304,0.4249496073516333
gundul (129).jpg,9.865747549019607,0.9991302845838294,0.020363949394903085
gundul (13).jpg,500.36458333333354,0.9665349208699396,0.5439043427409683
gundul (130).jpg,191.2163449754902,0.9903913917703506,0.17757388554360548
gundul (131).jpg,142.13218443627449,0.9941047491257403,0.11450376530232594
gundul (132).jpg,94.6917892156863,0.9942322564494215,0.11305216888503408
gundul (133).jpg,0.0,1.0,-0.0
gundul (134).jpg,161.55094975490195,0.9917684485602076,0.15569000860423268
gundul (135).jpg,2165.2749846813745,0.9280593885583467,1.0052346186456778
gundul (136).jpg,421.53192401960786,0.9863048642400397,0.23622924882771898
gundul (137).jpg,0.0,1.0,-0.0
gundul (138).jpg,39.36210171568627,0.9966103542104618,0.07317701863958977
gundul (139).jpg,71.0155943627451,0.9957808391608767,0.08644486095809598
gundul (14).jpg,342.4583792892158,0.9820524244012918,0.31454701537766466
gundul (140).jpg,0.0,1.0,-0.0
gundul (141).jpg,15.815900735294116,0.998301870323452,0.04216334654437783
gundul (142).jpg,110.2462009803922,0.9958218395195423,0.08387987378089533
gundul (143).jpg,29.661887254901956,0.9982152126534749,0.040759454594622
gundul (144).jpg,5.90499387254902,0.9991668092453995,0.01991880004359843
gundul (145).jpg,0.0,1.0,-0.0
gundul (146).jpg,11.764797794117648,0.9990841594519345,0.022945118451430657
gundul (147).jpg,44.226317401960785,0.9973508017359127,0.05686946736510637
gundul (148).jpg,0.0,1.0,-0.0
gundul (149).jpg,0.0,1.0,-0.0
gundul (15).jpg,345.2968137254902,0.9791453038605389,0.3570891063860666
gundul (150).jpg,474.76305147058827,0.9776538195946387,0.3820357683893633
gundul (151).jpg,7.9042892156862745,0.9991217022335401,0.020019427761086405
gundul (152).jpg,0.0,1.0,-0.0
gundul (153).jpg,27.44488357843137,0.9989380658498341,0.02457151934082357
gundul (154).jpg,212.8549172794117,0.9888616324136746,0.20600407420870884
gundul (155).jpg,262.07968750000003,0.9849663196613689,0.26991338401512094
gundul (156).jpg,100.62493872549021,0.9942956053098894,0.11200441902429963
gundul (157).jpg,0.0,1.0,-0.0
gundul (158).jpg,92.79304534313731,0.9944418164578076,0.11133295682841428
gundul (159).jpg,247.5044424019607,0.9895804865669721,0.1881591907422194
gundul (16).jpg,1072.9668658088237,0.9438744196685965,0.8302868631024921
gundul (160).jpg,403.937362132353,0.9831762067313498,0.2909283576611696
gundul (161).jpg,128.20042892156863,0.9925677083122599,0.14751158149760962
gundul (162).jpg,1.9054534313725489,0.9993164011437906,0.01764083365172908
gundul (163).jpg,307.7735294117649,0.9870730460121641,0.22590671081280772
gundul (164).jpg,13.76378676470588,0.9991547445860458,0.020677400936553098
gundul (165).jpg,0.0,1.0,-0.0
gundul (166).jpg,722.3483915441177,0.9651929336096543,0.5519391814779421
gundul (167).jpg,5014.665854779413,0.8607651236276168,1.7235502557012183
gundul (168).jpg,2237.93233762255,0.909256427240483,1.234272046063908
gundul (169).jpg,116.65153186274512,0.9933682876978611,0.13076125061874116
gundul (17).jpg,240.27650122549008,0.9874428904570687,0.23051192619749095
gundul (170).jpg,37.4672487745098,0.9980127974424231,0.04335034339708227
gundul (171).jpg,0.0,1.0,-0.0
gundul (172).jpg,180.65655637254903,0.9907562895322097,0.17003567357483967
gundul (173).jpg,0.0,1.0,-0.0
gundul (174).jpg,0.0,1.0,-0.0
gundul (175).jpg,290.8236825980392,0.9847423400315823,0.27395279117546883
gundul (176).jpg,51.19597120098039,0.9949565551048137,0.10277463180481214
gundul (177).jpg,6135.514843750001,0.7939155638051828,2.374440814525697
gundul (178).jpg,5432.8104932598035,0.8567311499462696,1.6970023534311014
gundul (179).jpg,2306.195404411766,0.929149912179795,0.9741731873995242
gundul (18).jpg,25.667585784313726,0.9985249203710531,0.03266010052780273
gundul (180).jpg,2455.308088235295,0.926431407942511,1.0109118234555794
gundul (19).jpg,81.02447916666668,0.9948361673551013,0.1034915536789162
gundul (2).jpg,19.754534313725486,0.998192838231543,0.040273382310265664
gundul (20).jpg,177.48440563725492,0.9908521851233991,0.17211176154033672
gundul (21).jpg,124.41017156862749,0.9926510953505717,0.1416943729285058
gundul (22).jpg,175.96128982843132,0.9900921007823141,0.18620393873394483
gundul (23).jpg,43.37450980392156,0.9979489298112666,0.04325110226790373
gundul (24).jpg,53.28560049019609,0.9960094988363849,0.08396837338279581
gundul (25).jpg,165.9433517156863,0.9883304467604656,0.21169602906999554
gundul (26).jpg,19.85526960784314,0.9982049076941107,0.04017973312599089
gundul (27).jpg,0.0,1.0,-0.0
gundul (28).jpg,0.0,1.0,-0.0
gundul (29).jpg,0.0,1.0,-0.0
gundul (3).jpg,37.47784926470588,0.9976743649653138,0.05053213615511031
gundul (30).jpg,106.76095281862753,0.9929252344930654,0.1364950480790786
gundul (31).jpg,13.775949754901958,0.999557623982892,0.01039029845553964
gundul (32).jpg,0.0,1.0,-0.0
gundul (33).jpg,0.0,1.0,-0.0
gundul (34).jpg,0.0,1.0,-0.0
gundul (35).jpg,11.85361519607843,0.999496227660172,0.013086718842942392
gundul (36).jpg,451.2181525735295,0.9757250529982562,0.413855340173854
gundul (37).jpg,209.26648284313725,0.9893734969029544,0.1947422667944915
gundul (38).jpg,425.7180912990197,0.9829027584082278,0.29669403636585145
gundul (39).jpg,98.7857843137255,0.9945100145798299,0.10954841080836315
gundul (4).jpg,340.5226409313726,0.9794739836283765,0.3612712976527103
gundul (40).jpg,441.5062346813726,0.9785630791723591,0.3638847734167128
gundul (41).jpg,61.280759803921576,0.9958904185959219,0.08535478647526064
gundul (42).jpg,26.78814338235294,0.9974176222747729,0.05595426632305673
gundul (43).jpg,148.05536151960777,0.9932621843041746,0.12880738727478916
gundul (44).jpg,0.0,1.0,-0.0
gundul (45).jpg,2394.6900275735293,0.9036488455046426,1.288493715113954
gundul (46).jpg,523.2200214460789,0.9731555307595526,0.4375804993580759
gundul (47).jpg,416.26309742647067,0.9793269238486365,0.3515977430345131
gundul (48).jpg,9.88094362745098,0.9991256520686691,0.02117183222377738
gundul (49).jpg,45.60039828431372,0.9968295061916733,0.06586466098483663
gundul (5).jpg,1260.1935049019614,0.942693442046577,0.8488939844951753
gundul (50).jpg,0.0,1.0,-0.0
gundul (51).jpg,1973.6865655637264,0.9395637489027348,0.857022987156508
gundul (52).jpg,2911.93390012255,0.9139375407724143,1.1487286397815168
gundul (53).jpg,1517.7491574754908,0.9273147958323098,1.0306778815971636
gundul (54).jpg,138.7850030637255,0.9917694388215927,0.16143155034203233
gundul (55).jpg,2198.845465686275,0.9252878065676701,1.0421986046705458
gundul (56).jpg,171.53860294117646,0.9912692943231519,0.16711328217474236
gundul (57).jpg,1147.5800245098046,0.950999017879692,0.7431524858152182
gundul (58).jpg,254.2114276960784,0.986824035377521,0.2406085505012117
gundul (59).jpg,258.0877297794118,0.9873794807381884,0.22758001198511296
gundul (6).jpg,718.4847886029414,0.9580606314280602,0.6503222210511097
gundul (60).jpg,45.48167892156864,0.9969679609606364,0.06456547554000264
gundul (61).jpg,47.39574142156862,0.9972170229131103,0.05853684080166827
gundul (62).jpg,35.59263174019608,0.9976893781873525,0.050880360544882035
gundul (63).jpg,476.75624999999997,0.9804485668205358,0.3325100873612835
gundul (64).jpg,261.9820465686274,0.988788477003659,0.20477434268055128
gundul (65).jpg,187.12316176470583,0.9892097068620149,0.2020466406441061
gundul (66).jpg,317.63469669117654,0.9833644616087552,0.28899133518548936
gundul (67).jpg,139.9452205882353,0.9903731282185597,0.1798974825510077
gundul (68).jpg,163.57120098039215,0.99019691317359,0.1850751071506148
gundul (69).jpg,250.96983762254914,0.9855898944297881,0.25755453872470196
gundul (7).jpg,534.6790594362745,0.9646299006969653,0.5647313767673007
gundul (70).jpg,132.04096200980393,0.9916498560929656,0.15882770216134878
gundul (71).jpg,697.9887561274511,0.9683507767939504,0.5079219968892513
gundul (72).jpg,1933.8209865196086,0.9168388899405093,1.151603970513119
gundul (73).jpg,73.09381127450986,0.9930233122020397,0.13822767459572288
gundul (74).jpg,82.83023897058823,0.9951555524096937,0.09786541408632037
gundul (75).jpg,303.8158394607844,0.9863540888537834,0.2454639853205565
gundul (76).jpg,19.851746323529408,0.997776715813007,0.048110922490658285
gundul (77).jpg,0.0,1.0,-0.0
gundul (78).jpg,5.917953431372549,0.9994819712806335,0.012326998355977595
gundul (79).jpg,2347.8102787990197,0.8897905056715156,1.4588217108408728
gundul (8).jpg,351.29001225490197,0.9800929491579305,0.33746268470978796
gundul (80).jpg,4203.554733455882,0.8585995952952776,1.760927302121978
gundul (81).jpg,135.95214460784317,0.9928735449541752,0.13825336947869368
gundul (82).jpg,21.7766237745098,0.9981572134925389,0.03842316202004549
gundul (83).jpg,55.08988970588237,0.9963764324184893,0.07712424704180765
gundul (84).jpg,211.0384803921569,0.9868351875568534,0.2340641211024996
gundul (85).jpg,1757.8329810049026,0.9324345158973434,0.9592168287633116
gundul (86).jpg,341.258318014706,0.9770873314305327,0.3918831624192239
gundul (87).jpg,743.5143535539218,0.9605950936896918,0.6164532077637461
gundul (88).jpg,272.26225490196083,0.9855680638142056,0.25430510374957005
gundul (89).jpg,347.24831495098044,0.982858069787982,0.29768488431069234
gundul (9).jpg,659.1410692401962,0.9551316638577567,0.695371331115037
gundul (90).jpg,405.8482689950982,0.9739652587157983,0.4364423483965506
gundul (91).jpg,635.1696078431376,0.9781694025798037,0.36366354405780144
gundul (92).jpg,205.88739276960783,0.9879713351157946,0.22116539783330355
gundul (93).jpg,2655.862653186275,0.890681013645518,1.4442389000861124
gundul (94).jpg,1780.0646292892156,0.9302706496526979,0.984187076635911
gundul (95).jpg,2236.8781096813736,0.8984863012016474,1.3528109377297788
gundul (96).jpg,3337.7545955882365,0.848704523441938,1.8682455559827624
gundul (97).jpg,3716.375061274509,0.8470129377329413,1.8822396985406342
gundul (99).jpg,22.80485600490196,0.9967510593252681,0.06978082939451591
setengahgundul (1).jpg,2669.903400735295,0.8597916188283353,1.7856119339563683
setengahgundul (100).jpg,63.043566176470605,0.9966184353843727,0.07051264216801238
setengahgundul (101).jpg,144.02513786764706,0.9927883818430998,0.14050608898188216
setengahgundul (103).jpg,4447.639568014704,0.8541752421181804,1.8512410319044772
setengahgundul (104).jpg,4099.354779411763,0.8468924883750092,1.9268625130108934
setengahgundul (105).jpg,3524.0780484068637,0.8531361651373451,1.8561395434631276
setengahgundul (115).jpg,5487.13210784314,0.8309202695358769,2.0436794604346313
setengahgundul (137).jpg,763.5854013480393,0.9598810631256834,0.6234397368452577
setengahgundul (138).jpg,1687.868872549021,0.9186062811979311,1.1367141630033226
setengahgundul (139).jpg,1858.1679840686277,0.917592577277867,1.1322049223266022
setengahgundul (140).jpg,737.5000612745099,0.9699284640654812,0.48271598481186156
setengahgundul (141).jpg,4627.262545955883,0.8477248604268187,1.8878409623632915
setengahgundul (142).jpg,2795.287025122549,0.8912926760775328,1.4374792894512078
setengahgundul (144).jpg,2989.368336397058,0.881714979102273,1.543974181654472
setengahgundul (145).jpg,502.9758272058826,0.9730218387914485,0.4480692368930219
setengahgundul (152).jpg,4062.6609834558844,0.8634352394932612,1.7303619468543623
setengahgundul (153).jpg,1564.603553921569,0.9281365402696232,1.0267581391018394
setengahgundul (154).jpg,1905.061550245098,0.9054482708594088,1.2756638280828172
setengahgundul (166).jpg,2586.583042279413,0.862520805486364,1.7443141211415898
setengahgundul (17).jpg,5149.087055759803,0.7935154296855267,2.4312572836543813
setengahgundul (28).jpg,2406.4950367647066,0.885698079415548,1.5155100275887607
setengahgundul (64).jpg,4883.350873161766,0.8144877073130447,2.2050469920243168
setengahgundul (69).jpg,5541.513572303922,0.7994913439595794,2.3322247969886956
setengahgundul (87).jpg,5502.349892769607,0.8193672978174326,2.1625589334001276
setengahgundul (89).jpg,4826.714629289215,0.8469092294404513,1.895126554383752
setengahgundul (90).jpg,3058.6183363970604,0.8804932915204863,1.553144746950095
lebat (100).jpg,25062.91400122548,0.3792373296037435,5.08377960711677
lebat (101).jpg,21745.16920955882,0.4287095843469809,4.909318669370308
lebat (102).jpg,21880.50597426471,0.41606737739985467,4.980723191830165
lebat (103).jpg,21254.391789215704,0.4314417555922872,4.90220654101639
lebat (104).jpg,21838.911734068624,0.4273014916173438,4.92013237617556
lebat (105).jpg,23981.710983455883,0.39606581738351476,5.035321612120186
lebat (106).jpg,20808.582781862744,0.4449125106471082,4.846523016937421
lebat (107).jpg,21930.64074754902,0.4296938272742553,4.91373978659413
lebat (108).jpg,23357.813909313736,0.40524238480192315,4.997745056025059
lebat (109).jpg,20764.166681985294,0.44223368498713106,4.839070727841629
lebat (110).jpg,21540.286887254908,0.4260734535502724,4.928399156997197
lebat (111).jpg,20776.76329656863,0.44499328426695917,4.816582532837991
lebat (112).jpg,22648.361780024516,0.4254609145679268,4.916282859249072
lebat (113).jpg,28095.930039828432,0.35772166790134097,5.091160716221035
lebat (114).jpg,23531.282184436277,0.40670577379917894,5.006838915819707
lebat (115).jpg,24162.79477634804,0.3827663786676233,5.110753414521069
lebat (116).jpg,23871.360125612762,0.3889211168993785,5.083664391314459
lebat (117).jpg,22058.231786151962,0.4345618934714359,4.869287000497486
lebat (118).jpg,22780.371354166666,0.4064762763000159,4.999249301012196
lebat (119).jpg,23642.908578431376,0.3934023910754387,5.073674981628066
lebat (12).jpg,19066.345802696072,0.4881507802267454,4.595256929934462
lebat (120).jpg,23920.72120098038,0.39413557563367374,5.064133468653636
lebat (121).jpg,22921.64129901962,0.40535932517911705,5.0017519659546705
lebat (122).jpg,25928.4119332108,0.36989087873487464,5.1209572107931285
lebat (123).jpg,24588.18414522061,0.38272535868274427,5.101692514053006
lebat (124).jpg,23507.584696691167,0.3991905340504421,5.028355985664307
lebat (125).jpg,24025.00606617648,0.391651464967479,5.058549903872892
lebat (126).jpg,24475.887423406868,0.3826022162169913,5.097902818631544
lebat (127).jpg,23207.3691329657,0.40221464195634765,5.018993849915696
lebat (128).jpg,22498.996721813743,0.4081742749340778,5.0247161433784635
lebat (129).jpg,26587.408180147075,0.36122823641621954,5.149367365186893
lebat (130).jpg,25425.490977328438,0.3696182781625529,5.171992347109915
lebat (131).jpg,26659.936259191163,0.35853844747399144,5.168390834665592
lebat (132).jpg,23998.929764093144,0.39713324757191915,5.044790659155639
lebat (133).jpg,23782.509099264713,0.3843941361696284,5.118786838923369
lebat (134).jpg,25256.387009803922,0.3734608177868422,5.148998730704398
lebat (135).jpg,23577.33305759805,0.39773896745454623,5.059967880614924
lebat (136).jpg,25205.618550857853,0.37329317130822914,5.1529048391103585
lebat (140).jpg,20800.221951593136,0.4369083592093787,4.880732683601337
lebat (141).jpg,20187.86343443628,0.45034985428704927,4.820507098348672
lebat (142).jpg,18929.88233762256,0.46136124836513187,4.7762967091879265
lebat (144).jpg,22577.265119485284,0.41849935785271347,4.955356785299133
lebat (145).jpg,25975.33054534314,0.3652631454735266,5.153146134793726
lebat (146).jpg,24925.237316176474,0.3836823078276626,5.09228793563203
lebat (147).jpg,25779.311136642158,0.3751456361982174,5.119830536782929
lebat (148).jpg,26816.064322916667,0.36027057118959055,5.181539060546818
lebat (149).jpg,24418.89295343136,0.38673254941131163,5.08264581409824
lebat (150).jpg,22048.47512254902,0.4364298206989408,4.899206942083621
lebat (151).jpg,22998.659742647065,0.41912283975324927,4.946214974044173
lebat (152).jpg,24995.570741421565,0.39001247856022186,5.050640132361669
lebat (153).jpg,24733.583440563747,0.3803075860605786,5.113318776618013
lebat (154).jpg,24729.90503982843,0.39345470681448974,5.029282365942165
lebat (155).jpg,23474.34509803921,0.41356357457101844,4.945258781810039
lebat (156).jpg,22498.236305147067,0.4279746778861251,4.906078725403237
lebat (157).jpg,22145.405958946074,0.43601123107314543,4.8639114456986965
lebat (158).jpg,20847.447610294108,0.42506462795387606,4.934344194918163
lebat (159).jpg,22357.07731311275,0.4095950474500595,4.989305232770779
lebat (160).jpg,22891.20782781863,0.3977495740408605,5.094183115893469
lebat (161).jpg,22298.539813112755,0.41782923433544683,5.0207170953989735
lebat (162).jpg,23778.351593137253,0.3945005638053367,5.069848022363964
lebat (163).jpg,24061.098376225487,0.3960024990720785,5.079979189832348
lebat (164).jpg,24216.345603553924,0.39475488264115155,5.06281844467005
lebat (165).jpg,24639.049800857858,0.3816699965703057,5.0993027390151235
lebat (166).jpg,25153.306280637258,0.37471688713227563,5.135074876441236
lebat (167).jpg,22055.990134803917,0.4389651787280899,4.853703278913354
lebat (168).jpg,21730.445465686287,0.4317632128838896,4.901714836434903
lebat (169).jpg,19200.33302696078,0.4838405077954481,4.648958825977123
lebat (170).jpg,20041.165854779418,0.45779351956503583,4.770907620833199
lebat (171).jpg,24508.273023897065,0.3981252928455671,5.024208356186012
lebat (172).jpg,24564.052129289204,0.3866213992230504,5.073353204191348
lebat (173).jpg,23544.72035845588,0.40840398973390696,5.001082597997843
lebat (174).jpg,22995.522288602937,0.4285857307357249,4.894065559164245
lebat (175).jpg,23973.348039215693,0.39145511786515547,5.066556105237306
lebat (176).jpg,25012.015900735296,0.3780729967177619,5.105191268254175
lebat (177).jpg,23477.133716299024,0.40619209907198994,4.989590417206594
lebat (178).jpg,22358.957935049013,0.4422399165992179,4.808086440587585
lebat (179).jpg,24464.125337009817,0.3973401998780074,5.010839781975301
lebat (18).jpg,18438.52699142156,0.4552121483787255,4.802771258801662
lebat (180).jpg,22457.104503676474,0.4303016395658483,4.9023822595270685
lebat (181).jpg,25130.069837622552,0.3776840366254323,5.105595103018693
lebat (182).jpg,25859.0082567402,0.3748947401147802,5.1246475440006645
lebat (183).jpg,24862.375398284305,0.38014300969996273,5.098310334586769
lebat (184).jpg,23994.630315563732,0.38967227068452653,5.08475705287621
lebat (185).jpg,21264.46318933824,0.4307130852053017,4.908861752046639
lebat (186).jpg,23815.202006740194,0.39554227060972585,5.06112327529947
lebat (187).jpg,16680.18537071078,0.5045447869201208,4.533438305311256
lebat (19).jpg,20906.582506127445,0.4383647395415976,4.855747266855128
lebat (190).jpg,24309.414185049023,0.39855589284502524,5.014812868235263
lebat (191).jpg,24149.583272058826,0.38505679429043416,5.116137824374212
lebat (192).jpg,23047.027849264716,0.4037124586265058,5.039928700788371
lebat (193).jpg,23248.62440257352,0.3974647719143692,5.062983099736816
lebat (194).jpg,24007.87804840686,0.3851445249741099,5.096286787109472
lebat (195).jpg,25231.61343443628,0.3806398855700756,5.103289509112501
lebat (196).jpg,25197.215594362762,0.3728313391335878,5.153850715291742
lebat (197).jpg,24141.67046568629,0.38548923607813,5.108576464955971
lebat (198).jpg,20755.641161151958,0.4340523646781814,4.95324694989982
lebat (199).jpg,23313.45744485295,0.40564213362442925,5.008730675131595
lebat (200).jpg,23692.827159926477,0.39855391196720863,5.017629129757637
lebat (201).jpg,21012.037254901956,0.4498600006885322,4.79367751633956
lebat (202).jpg,21500.36133578432,0.43541496909227156,4.890576324377349
lebat (203).jpg,22549.826884191174,0.4157837686098596,4.9769381630248395
lebat (204).jpg,24911.048054534327,0.3758932639149284,5.117477363455343
lebat (205).jpg,24081.448452818626,0.38207675137557096,5.138746983361536
lebat (22).jpg,25026.644669117635,0.380776278103618,5.112112609618708
lebat (23).jpg,25263.691513480397,0.373056955803804,5.156353507807663
lebat (24).jpg,24770.88636642156,0.38338582140195754,5.106684544071852
lebat (25).jpg,24196.843412990198,0.3855169509358092,5.1223181261324005
lebat (26).jpg,24933.894393382358,0.3781315256366501,5.1195229299316285
lebat (27).jpg,25602.952175245096,0.3694823668778027,5.140197108240017
lebat (28).jpg,23533.587178308837,0.38878411860067563,5.1284174837904875
lebat (29).jpg,24172.017830882356,0.3958792834188579,5.055029449390104
lebat (30).jpg,26353.22915134805,0.3608771449495307,5.1693182055885565
lebat (31).jpg,23148.59995404411,0.4025357124929826,5.045980239083259
lebat (32).jpg,24897.739399509803,0.3852788300589327,5.106132413209079
lebat (35).jpg,24522.579825367655,0.383055153430418,5.096818646763578
lebat (36).jpg,24637.47887561275,0.38218601701867544,5.118185374334051
lebat (37).jpg,21111.653952205877,0.44275566992833887,4.851606053678079
lebat (38).jpg,23191.409742647054,0.4081595489343853,4.995172239905964
lebat (39).jpg,23324.210248161773,0.4013774901840413,5.028594251183464
lebat (40).jpg,25024.56403186274,0.3872072976123206,5.050765472690537
lebat (41).jpg,21321.276669730392,0.44127815215476246,4.853584361102649
lebat (42).jpg,20124.92559742647,0.4526625751332634,4.798843189967263
lebat (43).jpg,22999.858946078442,0.40690082968671304,5.017421202657129
lebat (44).jpg,24648.30382965687,0.38233016289116173,5.111217270899073
lebat (45).jpg,21800.364767156872,0.4249865579214086,4.9281748737471975
lebat (46).jpg,22108.388189338246,0.41664089877422134,4.988913786573672
lebat (47).jpg,20582.639797794127,0.4474339909353659,4.837053699102445
lebat (48).jpg,23111.5071997549,0.40064296753552,5.024577864294505
lebat (49).jpg,21236.950337009803,0.4471711142356949,4.821666647782052
lebat (50).jpg,22270.253033088247,0.42778436165360617,4.907349151040519
lebat (51).jpg,22028.161274509814,0.4171049622680233,4.968360689668329
lebat (52).jpg,24641.98112745099,0.3847749200375647,5.077932750233455
lebat (53).jpg,21574.079825367648,0.4310007535462828,4.90008727883198
lebat (54).jpg,23524.04722732844,0.39926101870983827,5.027904553545361
lebat (55).jpg,23555.76354166667,0.39592261776170135,5.0650803416465315
lebat (56).jpg,23344.880683210784,0.3954478875898461,5.047757855872135
lebat (57).jpg,23367.172058823537,0.39853433674071825,5.036045248584974
lebat (58).jpg,23788.264154411765,0.39588542687329936,5.044505258899711
lebat (59).jpg,22223.70307904413,0.41783548441351936,4.979374732806105
lebat (65).jpg,22500.777389705883,0.43113514783883056,4.779062412126511
lebat (66).jpg,16723.7169117647,0.527817753644195,4.384727190214384
lebat (67).jpg,17440.53691789216,0.532641305204246,4.358087113909714
lebat (68).jpg,19388.2988817402,0.47159053664539796,4.718980774204011
lebat (71).jpg,18127.294852941177,0.48905071208332407,4.624108926699509
lebat (72).jpg,22009.18267463237,0.41405157340988535,4.997599831375387
lebat (73).jpg,20702.22352941176,0.4524132747959975,4.803009824879188
lebat (74).jpg,22844.57397365198,0.4328987795039518,4.866141497532736
lebat (75).jpg,22706.118259803927,0.42499871961387703,4.899336076108472
lebat (76).jpg,33192.024540441154,0.2993515175056707,5.158896374197965
lebat (77).jpg,17332.27176776961,0.5036463402164775,4.591508476955386
lebat (79).jpg,22709.243688725495,0.39583452396744906,5.064642365761509
lebat (80).jpg,20521.619454656855,0.436229405413515,4.89544467325675
lebat (81).jpg,21543.635585171578,0.4233438121731162,4.953073433315045
lebat (82).jpg,21603.060447303913,0.43315232451223673,4.901768430303889
lebat (83).jpg,20523.63209252451,0.44903833045545677,4.826254274386547
lebat (84).jpg,22098.477573529417,0.42637841398937276,4.915331263853911
lebat (85).jpg,21677.502895220587,0.43938866289913464,4.862302522401857
lebat (86).jpg,23465.06161151962,0.4125383827993395,4.960575317416139
lebat (88).jpg,22959.428431372537,0.4053055906033972,5.042588574325948
lebat (89).jpg,23858.263848039227,0.39655958442517103,5.053808900328725
lebat (90).jpg,23573.5440257353,0.3994338990981662,5.046859297798646
lebat (91).jpg,26477.490471813737,0.35859563834305025,5.196690059888933
lebat (92).jpg,26263.920940563734,0.3621504174915472,5.183313442637633
lebat (93).jpg,27541.201930147043,0.3519157339236227,5.1976161179995755
lebat (94).jpg,27950.945680147055,0.34750065732207086,5.210064895386395
lebat (96).jpg,24275.431066176476,0.38726735238917076,5.067210710536001
lebat (97).jpg,25162.908746936286,0.37159410322819514,5.1347946079519335
lebat (98).jpg,24379.25556066178,0.39119289266631,5.049512597178902
lebat (99).jpg,24913.216666666656,0.38208903354146595,5.083883208906607
setengahgundul (110).jpg,18394.588541666668,0.5310674244776277,4.345332021346621
setengahgundul (128).jpg,17293.89753370098,0.5398024907926476,4.309860967219873
setengahgundul (39).jpg,17374.844546568624,0.5290834357150266,4.3640485708418835
setengahgundul (41).jpg,17414.786488970603,0.5324039958110844,4.3618357339241305
setengahgundul (9).jpg,18790.419515931386,0.517580345839942,4.422939701500495
lebat (1).jpg,99.65487132352891,0.21899251635849604,11.23515388012358
lebat (10).jpg,94.00093443627452,0.2202004087973279,11.123415124154947
lebat (100).jpg,146.72965686274466,0.2002286043283507,11.316147918635771
lebat (101).jpg,117.13307291666611,0.20641074473115834,11.329986137121033
lebat (102).jpg,117.48495710784243,0.2043909919268597,11.372035268889846
lebat (103).jpg,107.82345281862764,0.21195865968216224,11.292901819383678
lebat (104).jpg,128.82878370097995,0.2015454744546087,11.51816040286049
lebat (105).jpg,58.33632046568706,0.2621979254645883,10.300758917844709
lebat (106).jpg,40.39053308823551,0.287358518809937,10.014512577925085
lebat (107).jpg,87.03178615196026,0.23255679853889938,10.716671852274732
lebat (108).jpg,89.8153033088235,0.23459907674461244,10.566337190610092
lebat (109).jpg,95.6567248774502,0.23376128061736776,10.642801623106127
lebat (11).jpg,104.10638786764665,0.21225976897987003,11.16944361518103
lebat (110).jpg,89.41285232843123,0.23015030614648088,10.65980791020443
lebat (111).jpg,213.9024356617649,0.16571719285086056,12.118161614246452
lebat (112).jpg,86.46334252450953,0.22932806262771396,10.95382217075607
lebat (113).jpg,116.36583946078403,0.21459945639345834,10.919886375009527
lebat (114).jpg,110.74465379901893,0.2075375193250987,11.153461434773108
lebat (115).jpg,100.73710171568618,0.21631175901235775,11.048503292573217
lebat (116).jpg,93.54120710784296,0.22509527211736222,10.644394574487903
lebat (117).jpg,103.38403799019565,0.21699518854313551,10.893866641903681
lebat (118).jpg,100.2977481617635,0.22466886535502104,10.828946209511711
lebat (119).jpg,70.01424632352953,0.24985165059670536,10.461359129893863
lebat (12).jpg,60.97752757352966,0.2560487529935692,10.318116323783984
lebat (120).jpg,121.5332567401954,0.20235778848060354,11.285506360977816
lebat (121).jpg,86.64883578431372,0.2311816391949099,10.583811965031812
lebat (122).jpg,42.84122242647112,0.2845328339822525,9.709855640887437
lebat (123).jpg,43.52061887254936,0.2804813178232422,9.91643532361374
lebat (124).jpg,46.159482230392356,0.2739740891970182,9.998008994227039
lebat (125).jpg,47.40156250000043,0.2763330937919843,10.026994433050975
lebat (126).jpg,37.76968443627499,0.2945494128581281,9.754958082375794
lebat (127).jpg,104.28409926470572,0.21337799509279962,11.156129112412621
lebat (128).jpg,30.944071691176507,0.3066403793741013,9.600748986158653
lebat (129).jpg,51.709972426470955,0.2630934216447821,9.944595119890156
lebat (13).jpg,74.52173713235244,0.2462588120294037,10.761785327372081
lebat (130).jpg,35.539889705882395,0.2952593181270104,9.609819565397894
lebat (131).jpg,50.59623161764725,0.2674439405087466,9.867500087401952
lebat (132).jpg,42.2282781862749,0.2855072830711314,9.842660299765775
lebat (133).jpg,110.14310661764704,0.20937285485006335,11.248370716986345
lebat (134).jpg,168.8776194852944,0.1849145563700571,11.675565688959885
lebat (135).jpg,128.0949754901962,0.19911188860955034,11.415372744507502
lebat (136).jpg,141.2591758578431,0.19331273348513683,11.418288054330766
lebat (137).jpg,168.98861825980399,0.18010588147085393,11.804289688615693
lebat (138).jpg,135.07083333333355,0.19482406460554744,11.191748009465199
lebat (139).jpg,143.74926470588238,0.1896835863152233,11.574645076633548
lebat (14).jpg,74.87392769607828,0.24893028786049776,10.991183346350622
lebat (140).jpg,61.16740196078463,0.2513048461537809,10.190137768274528
lebat (141).jpg,60.29652267156876,0.2524050794487657,10.21819779727552
lebat (142).jpg,73.02045036764699,0.23875220309215067,10.477068980716615
lebat (143).jpg,70.97777267156845,0.24130328919934751,10.500160533868723
lebat (144).jpg,103.83232230392105,0.2209017426763506,10.882714277268668
lebat (145).jpg,103.76078431372521,0.21761101946257325,10.814197692596421
lebat (146).jpg,62.31181066176519,0.251433735814654,10.328980093377107
lebat (147).jpg,138.88592218137273,0.20177932681054533,11.009576588522716
lebat (148).jpg,141.92481617647036,0.19203923753222288,11.04917681112535
lebat (149).jpg,87.55500919117539,0.2410052372011189,10.660778823063234
lebat (15).jpg,59.976317401961325,0.2588463437808148,10.342870474635019
lebat (150).jpg,116.82536764705773,0.22025345829335619,10.97902856351635
lebat (151).jpg,72.3692861519598,0.24847838262883695,10.58891255647829
lebat (152).jpg,111.11070772058788,0.2099868667781004,10.82600620940821
lebat (153).jpg,97.8110294117643,0.23538680888014335,10.596590943456144
lebat (154).jpg,74.55349264705791,0.24689924708437963,10.429275679229422
lebat (155).jpg,103.23491115196045,0.2220467888840885,10.869142165158289
lebat (156).jpg,70.12124693627405,0.24827452757434262,10.53911297526747
lebat (157).jpg,168.37602634803974,0.18105294968193983,11.921694038577485
lebat (158).jpg,144.9421874999997,0.1966518917408485,11.581464281478892
lebat (159).jpg,156.34814644607857,0.18577693848340102,11.703031743264798
lebat (16).jpg,69.21465992647002,0.2469566043820832,10.73824088914568
lebat (160).jpg,116.21518075980373,0.2244383446622402,11.113560099202461
lebat (161).jpg,148.59695159313762,0.19534666209287174,11.578290883386396
lebat (162).jpg,55.1694393382357,0.2579446404388167,10.1744483197124
lebat (163).jpg,54.33538602941249,0.26291942046228695,10.11170292347781
lebat (164).jpg,128.38704044117628,0.20136986022092013,11.325848734595178
lebat (165).jpg,133.29540441176476,0.20198103168029435,11.315467816839435
lebat (166).jpg,141.6021139705885,0.19324668947687462,11.423217491019063
lebat (167).jpg,120.94808517156787,0.21072695261899074,11.401129801904053
lebat (168).jpg,134.53860294117615,0.1982407105379495,11.455881465931125
lebat (169).jpg,79.58578431372469,0.24149048131837494,10.782447340673457
lebat (17).jpg,90.18975183823504,0.22516441864001902,11.090365333259582
lebat (170).jpg,100.62022058823499,0.22553401245254076,10.837325016750768
lebat (171).jpg,83.20162377450937,0.22788247299022169,10.664529121377841
lebat (172).jpg,74.37167585784286,0.23776064688297435,10.573202728106532
lebat (173).jpg,80.08728553921462,0.23326951219868078,10.710221612445896
lebat (174).jpg,67.23785232843147,0.24439235608906507,10.63148213420017
lebat (175).jpg,68.7780943627447,0.2450046753819283,10.488181668571949
lebat (176).jpg,62.91985294117704,0.2525119270222925,10.304361043487757
lebat (177).jpg,45.20951286764726,0.28723363891734865,10.087402347841993
lebat (178).jpg,70.28736213235277,0.24127096206535356,10.67857078167168
lebat (179).jpg,81.69571078431301,0.23303311704283225,10.691662138784707
lebat (18).jpg,72.15845588235301,0.23745977853837924,10.419713047823556
lebat (180).jpg,54.36666666666719,0.2606842988480695,10.343257527131344
lebat (181).jpg,68.24218750000001,0.24099851574804396,10.565417224728591
lebat (182).jpg,70.14307598039207,0.23575144769468534,10.489154850808912
lebat (183).jpg,63.10525428921585,0.2491558225289322,10.592256562021529
lebat (184).jpg,130.41439950980384,0.19448027768000553,11.324720873334545
lebat (185).jpg,127.61109068627407,0.20409017559331213,11.414361236862474
lebat (186).jpg,145.92074142156872,0.19389654119388833,11.599414600682753
lebat (187).jpg,105.24125306372437,0.2149877484749611,11.495142575119704
lebat (188).jpg,93.43270526960711,0.21900380958920387,11.32435540128148
lebat (189).jpg,167.94307598039128,0.18362452878653512,11.979873635153556
lebat (19).jpg,60.15879289215717,0.2532592477407028,10.025662273762688
lebat (190).jpg,117.03333333333305,0.20055929695484512,11.221213551687654
lebat (191).jpg,111.05280330882297,0.21298921738723436,11.188662126703282
lebat (192).jpg,89.8677849264705,0.22787684860872795,10.911935314491329
lebat (193).jpg,106.51591605392137,0.21547049973089372,11.133528854589942
lebat (194).jpg,124.60819546568631,0.20169342451212718,11.302071705883854
lebat (195).jpg,139.758455882353,0.1911445798851231,11.356557719878598
lebat (196).jpg,140.73700980392195,0.19008420981715127,11.363586842026963
lebat (197).jpg,118.63322610294115,0.2072180614242256,11.22063117269591
lebat (198).jpg,166.528293504902,0.17624318445451426,11.94046745127605
lebat (199).jpg,125.99322916666647,0.20854399487667205,11.059820213689786
lebat (2).jpg,68.30431985294096,0.24962248778108342,11.046365590491222
lebat (20).jpg,72.80661764705812,0.24234189702169967,10.938774315441114
lebat (200).jpg,178.03466605392086,0.1903987488296846,11.508910502922507
lebat (201).jpg,66.28442095588224,0.2518795029464767,10.654730964962267
lebat (202).jpg,53.58875612745146,0.27109471434806165,10.382083211827947
lebat (203).jpg,68.288832720588,0.24574022712878316,10.46156860076338
lebat (204).jpg,55.66127450980415,0.2566930478824206,10.21841053302804
lebat (205).jpg,42.097043504902125,0.2792631866680996,10.010250998504011
lebat (206).jpg,119.05407475490166,0.20612797272316574,11.30455867833782
lebat (207).jpg,147.43797487745113,0.19041911553011018,11.494841522867459
lebat (21).jpg,85.48103553921554,0.23444935646353005,10.934716081438424
lebat (22).jpg,73.59640012254884,0.23548763388931743,10.552209824995732
lebat (23).jpg,77.72346813725493,0.2286772279848667,10.550288152952072
lebat (24).jpg,68.64518995098034,0.23986984549328466,10.49977591851535
lebat (25).jpg,44.613112745098476,0.2789171230202039,9.981910556720424
lebat (26).jpg,54.63904718137309,0.26084508688084085,10.205247489998694
lebat (27).jpg,51.5313725490199,0.2656150827720435,10.08783105061861
lebat (28).jpg,33.41115196078464,0.29879076272300764,9.740204690970085
lebat (29).jpg,103.44345894607807,0.2210355577442827,10.857644412115183
lebat (3).jpg,89.6291053921567,0.2230135716114863,11.180239223994914
lebat (30).jpg,113.38184742647047,0.20883043051667474,10.843184173813079
lebat (31).jpg,117.05575980392085,0.20699262011286726,11.356861593954983
lebat (32).jpg,37.478446691176934,0.29089581648012963,9.58428522599255
lebat (33).jpg,97.23728553921555,0.21912918885211313,10.768761866611706
lebat (34).jpg,119.0526501225487,0.20471573115297023,11.411120228211058
lebat (35).jpg,105.26793811274446,0.21059047987495108,11.100934431991273
lebat (36).jpg,98.97443321078397,0.21592173718818966,10.978566023439553
lebat (37).jpg,65.05320159313763,0.25519296056856977,10.568731867521562
lebat (38).jpg,59.736213235294564,0.263283436940151,10.417196908340921
lebat (39).jpg,62.69471507352988,0.24742316730441938,10.459873329564797
lebat (4).jpg,90.2842984068627,0.2273387329519785,11.221876592257885
lebat (40).jpg,63.62524509803986,0.24983598697276485,10.336519983326452
lebat (41).jpg,55.70220588235355,0.2591147456318254,10.421666236539934
lebat (42).jpg,62.21606924019655,0.2560108225201319,10.503695570001744
lebat (43).jpg,51.627604166667055,0.26926369253129673,10.2205343305741
lebat (44).jpg,125.1956341911766,0.19681203089974092,11.348581499055248
lebat (45).jpg,107.29001225490154,0.21761167506768947,11.230521269816155
lebat (46).jpg,118.662852328431,0.20777008340365927,11.400837055095216
lebat (47).jpg,80.32858455882322,0.2518627792280637,10.500023003316908
lebat (48).jpg,78.96280637254873,0.2444163698582805,10.40210938062128
lebat (49).jpg,92.78805147058654,0.23757064053291715,10.781826905241925
lebat (5).jpg,75.45862438725473,0.23959091835062096,11.033745001098701
lebat (50).jpg,85.93860294117582,0.23641407143671428,10.64582477762549
lebat (51).jpg,65.99439338235307,0.25367022259931,10.267652816709884
lebat (52).jpg,81.10039828431341,0.23865560873467404,10.437937492885798
lebat (53).jpg,111.50219056372445,0.22261103500323112,10.937143904574139
lebat (54).jpg,85.77715992647032,0.23544099742816427,10.57228018503482
lebat (55).jpg,88.93682598039162,0.23428104984585663,10.619062332459734
lebat (56).jpg,89.70526960784296,0.23220221200953434,10.62983007429351
lebat (57).jpg,93.126853553921,0.2352118050849148,10.618670060976907
lebat (58).jpg,88.86452205882318,0.23196227315418527,10.56835684946331
lebat (59).jpg,122.18008578431275,0.20865104617630992,11.37792546950073
lebat (6).jpg,81.96116727941184,0.24831153752428034,10.736242664620832
lebat (60).jpg,90.64491421568547,0.24685849071323746,11.434425560729421
lebat (61).jpg,129.50004595588155,0.20634230606912005,11.696838966708135
lebat (62).jpg,139.37489276960767,0.2123477262571095,11.822625284788286
lebat (63).jpg,123.73880208333253,0.2119165427705673,11.56350916049656
lebat (64).jpg,179.02306985294186,0.17741926181426135,11.889541357551089
lebat (65).jpg,87.18414522058809,0.2256546363999834,11.004589682319427
lebat (66).jpg,118.53435968137165,0.21309811796071082,11.621955738656833
lebat (67).jpg,104.42803308823478,0.22252305594985036,11.62879163598454
lebat (68).jpg,108.68953737745103,0.20922050393184305,11.445925957519753
lebat (69).jpg,111.50716911764623,0.21585060635735778,11.560181719037654
lebat (7).jpg,61.028676470588785,0.2607405193676228,10.635787553252086
lebat (70).jpg,75.05176164215634,0.2541371976982165,11.329551314020286
lebat (71).jpg,88.97486213235254,0.23319213400674213,11.268433576082053
lebat (72).jpg,104.20300245098038,0.2144431265732638,11.177102445894022
lebat (73).jpg,113.15848651960758,0.21311372417951774,11.429121163016676
lebat (74).jpg,138.43330269607878,0.20430968974235975,11.51593488493973
lebat (75).jpg,141.3183057598041,0.20482981454376917,11.436349681053798
lebat (76).jpg,112.63043811274491,0.19970798043821997,10.553542220765033
lebat (77).jpg,105.76685049019514,0.20991994563744917,11.44961517087946
lebat (78).jpg,149.50750612745082,0.1941595264667241,12.260494334498409
lebat (79).jpg,137.1676317401961,0.19567973566334246,11.539250622490053
lebat (8).jpg,68.0102328431371,0.2466408007471428,10.777330804120957
lebat (80).jpg,101.45831801470587,0.217193155906421,11.36525206934469
lebat (81).jpg,104.82778799019587,0.21420000355366142,11.257557642112044
lebat (82).jpg,40.400122549019954,0.28458303076344804,10.159553792016666
lebat (83).jpg,74.08275122548908,0.24987581402156459,10.702342809095033
lebat (84).jpg,57.566467524510344,0.266278925056391,10.335687304567912
lebat (85).jpg,69.63408394607796,0.25074249411472643,10.577801984039251
lebat (86).jpg,40.67391237745128,0.28628331533670964,9.963105018357458
lebat (87).jpg,181.4263327205886,0.1815230991375628,11.638971628065473
lebat (88).jpg,119.65448835784255,0.20669217162953096,11.25142563685153
lebat (89).jpg,111.19462316176384,0.21086829799194876,11.242984895795752
lebat (9).jpg,91.55785845588188,0.2347660137723108,11.128057587219336
lebat (90).jpg,117.03841911764644,0.2050447279708776,11.34018242169299
lebat (91).jpg,180.05070465686296,0.17386555402466228,11.719692903427777
lebat (92).jpg,195.93579963235365,0.17010212047936984,11.721915361693512
lebat (93).jpg,212.40926776960836,0.16106478870029564,11.773376750426182
lebat (94).jpg,230.41948529411695,0.1575990004863336,11.887861518196308
lebat (95).jpg,88.5413909313717,0.22043184273216923,11.172199979239604
lebat (96).jpg,121.25966605392124,0.20340390403586212,11.196143413403911
lebat (97).jpg,172.73604473039245,0.18246763325823068,11.523479261988559
lebat (98).jpg,121.33102022058804,0.2052016523370782,11.188599720403428
lebat (99).jpg,168.37754289215675,0.1880548040014526,11.622706672878122
gundul (98).jpg,5875.842509191179,0.7993691202466268,2.3408709670739345
lebat (1).jpg,12569.480009191178,0.5498283373490519,4.263112562514403
lebat (10).jpg,8543.928247549013,0.6419411280855345,3.6241767070137194
lebat (11).jpg,12261.768581495095,0.55635639422753,4.230153338460801
lebat (13).jpg,16640.219316789215,0.5085018846782663,4.48000403892305
lebat (137).jpg,16868.262699142153,0.5095300073427828,4.425103951558702
lebat (138).jpg,18513.535723039226,0.4967183044318021,4.4702104737951736
lebat (139).jpg,17552.433363970595,0.5000968425921227,4.47423191076464
lebat (14).jpg,12712.932077205875,0.6099890812312562,3.8285241442385693
lebat (143).jpg,16120.26662071078,0.504000248826298,4.541992734012747
lebat (15).jpg,14813.717830882353,0.5439745541541865,4.263463761837451
lebat (16).jpg,13326.797319240193,0.5671147047584839,4.125495749441067
lebat (17).jpg,9676.440303308817,0.6543942533885465,3.5424064607292967
lebat (188).jpg,16207.935554534304,0.4911698254843804,4.627688061304367
lebat (189).jpg,16322.295511642153,0.5181189783528168,4.465186395082918
lebat (2).jpg,12835.472380514702,0.5860753042822537,4.027647777202825
lebat (20).jpg,11306.435677083331,0.6239086712617471,3.744054225186291
lebat (206).jpg,14388.851271446076,0.5699675660904558,4.057203608883645
lebat (207).jpg,13661.472089460778,0.562962341821514,4.119220284437389
lebat (21).jpg,13769.272181372537,0.5605695461119325,4.194364640309886
lebat (3).jpg,10658.585937500002,0.6040157183716601,3.910636810412523
lebat (33).jpg,12654.940410539213,0.618577434213801,3.700283416912019
lebat (34).jpg,7742.932858455884,0.7368101037697178,2.8520801983591095
lebat (4).jpg,11356.08226102941,0.5962779962538851,3.9465222611768955
lebat (5).jpg,14507.63370098039,0.5276591347389603,4.381281061518461
lebat (6).jpg,7368.903584558822,0.7463252359680977,2.817836164325323
lebat (60).jpg,14689.586565563724,0.586890221507066,4.021203691800146
lebat (61).jpg,15387.848268995089,0.5465907785301451,4.289633283254999
lebat (62).jpg,14290.165364583334,0.5775021328116253,4.085410155450893
lebat (63).jpg,16753.70553002452,0.5282350985163552,4.39189480560515
lebat (64).jpg,12349.112362132353,0.5944264133106205,3.97983635506785
lebat (69).jpg,14961.183302696072,0.5566571176420733,4.2037101479082075
lebat (7).jpg,11296.549080882349,0.6407809926290736,3.650289838246048
lebat (70).jpg,14755.162423406862,0.5796419376255261,4.085205820035294
lebat (78).jpg,7414.073774509808,0.7002374689764584,3.238773176312978
lebat (8).jpg,17069.01753982843,0.49405669028982424,4.574019486121701
lebat (87).jpg,8410.509620098039,0.6774181151109818,3.3520478615415747
lebat (9).jpg,13442.995511642152,0.5534078570129294,4.2147145398109815
lebat (95).jpg,9404.286289828426,0.6261201570651406,3.767256103860612
setengahgundul (10).jpg,13923.262561274501,0.6314700408804799,3.6685042568366075
setengahgundul (102).jpg,9440.053753063721,0.7388415210058976,2.820283220282445
setengahgundul (106).jpg,7109.664261642158,0.75032321863139,2.824957783862661
setengahgundul (107).jpg,8596.24592524509,0.7142748264126648,3.1109829190180154
setengahgundul (108).jpg,7319.807858455882,0.7553151789583438,2.7751787808600814
setengahgundul (109).jpg,15719.759420955881,0.560398274382855,4.169478284833124
setengahgundul (11).jpg,16162.846017156851,0.5289938993584865,4.411019368341043
setengahgundul (111).jpg,5375.018841911766,0.8383956169463779,1.970098432524821
setengahgundul (112).jpg,8472.170358455882,0.7746365590014798,2.5240542896952647
setengahgundul (113).jpg,7118.460508578431,0.7924766611958753,2.392673961902902
setengahgundul (114).jpg,10432.584574142149,0.671546644664556,3.4214296924536223
setengahgundul (116).jpg,14980.718397671562,0.5871315635270077,4.0171485609071285
setengahgundul (117).jpg,8796.479273897046,0.7418208893966689,2.8432636115082865
setengahgundul (118).jpg,7984.091390931371,0.7379449295947157,2.9035755073954745
setengahgundul (119).jpg,7876.122166053923,0.7553199406098451,2.729974675431447
setengahgundul (12).jpg,11306.435677083331,0.6239086712617471,3.744054225186291
setengahgundul (120).jpg,6965.723835784311,0.7839629786274639,2.4796699511034257
setengahgundul (121).jpg,7133.300229779414,0.7746183331732696,2.572320677073592
setengahgundul (122).jpg,5596.535677083335,0.8134425500467319,2.2345750434432885
setengahgundul (123).jpg,8051.1779564950975,0.7479275139547737,2.804926929063564
setengahgundul (124).jpg,15065.372319240189,0.6071355622901964,3.8626516229080474
setengahgundul (125).jpg,11820.014996936263,0.6613835455515908,3.483927962329861
setengahgundul (126).jpg,12237.194117647057,0.672717850989384,3.3915375435544868
setengahgundul (127).jpg,6006.302772671567,0.8111985944212813,2.2387614911789755
setengahgundul (129).jpg,13574.885370710781,0.6331148051547377,3.6621990527766597
setengahgundul (13).jpg,14008.792968750005,0.6179828982502231,3.7791861034531147
setengahgundul (130).jpg,15191.401026348041,0.6043173358808387,3.8595422526173047
setengahgundul (131).jpg,10696.91844362744,0.6795276839986049,3.3316217897261056
setengahgundul (132).jpg,12683.784727328426,0.6448791117899897,3.601881907730828
setengahgundul (133).jpg,7162.430698529409,0.7807595774446456,2.5414486371214373
setengahgundul (134).jpg,14083.249280024507,0.6068977103522558,3.8779686928455406
setengahgundul (135).jpg,9416.438878676461,0.6828068460311614,3.336061783863683
setengahgundul (136).jpg,7256.174617034311,0.7698562852609377,2.62661902195829
setengahgundul (14).jpg,14282.571277573525,0.5929931988916212,3.9080988046954737
setengahgundul (143).jpg,5779.560309436274,0.8086878934589442,2.251476071920984
setengahgundul (146).jpg,14991.884987745092,0.5756440411182515,4.06770405731351
setengahgundul (147).jpg,10475.061473651956,0.7050694721577425,3.091121398926239
setengahgundul (148).jpg,12004.400245098039,0.6758046962119598,3.3406148410870045
setengahgundul (149).jpg,6144.493658088234,0.8265853410921828,2.0489318716093177
setengahgundul (15).jpg,8315.082460171565,0.7648878827633661,2.5862041230632262
setengahgundul (150).jpg,14967.285431985287,0.60972197256049,3.7748842587670595
setengahgundul (151).jpg,12810.334681372546,0.6560522658975793,3.476967865661451
setengahgundul (155).jpg,11167.349433210778,0.6541290399004392,3.5547769325818805
setengahgundul (156).jpg,14737.279901960777,0.5666881138786447,4.137350026345352
setengahgundul (157).jpg,15371.214598651955,0.5836541870530815,3.9957103496878736
setengahgundul (158).jpg,12068.148529411765,0.6580297136988026,3.4897462035194553
setengahgundul (159).jpg,11465.589782475488,0.6643198679989021,3.44227123743316
setengahgundul (16).jpg,10143.305652573516,0.6484573537044895,3.598295014027579
setengahgundul (160).jpg,10713.757230392157,0.6943902866597016,3.2031507065799314
setengahgundul (161).jpg,13461.417555147056,0.5917586404350601,3.9770689387738676
setengahgundul (162).jpg,10532.184666053916,0.713765185894475,3.0497309945689803
setengahgundul (163).jpg,12918.168596813728,0.6225760111780824,3.745587747847966
setengahgundul (164).jpg,11829.347656249998,0.6711777236105096,3.375948560848696
setengahgundul (165).jpg,14174.60799632353,0.5868551268883363,3.998600683099714
setengahgundul (167).jpg,6336.027604166665,0.7782944685505788,2.578577870616137
setengahgundul (18).jpg,8013.444761029409,0.722875577641162,3.0100960492883453
setengahgundul (19).jpg,7723.191314338236,0.7142565925865398,3.101817450974849
setengahgundul (2).jpg,11128.943075980385,0.6746155756660426,3.3924611024108278
setengahgundul (20).jpg,7543.695649509803,0.729625389494193,2.976196250082
setengahgundul (21).jpg,15968.602389705882,0.5452607402533797,4.297145016008668
setengahgundul (22).jpg,13727.294194240198,0.5980432778887903,3.9593870047946327
setengahgundul (23).jpg,14657.548406862745,0.5915947726790426,3.97058670300881
setengahgundul (24).jpg,15088.725076593131,0.5883100863417319,4.01623876497781
setengahgundul (25).jpg,12307.197870710781,0.642174842271945,3.6358206956832677
setengahgundul (26).jpg,10684.767279411755,0.6876321264507589,3.281151515528489
setengahgundul (27).jpg,7440.016099877453,0.751529314547372,2.7366006772830955
setengahgundul (29).jpg,11406.356449142155,0.6675071767991011,3.451680924374048
setengahgundul (3).jpg,15683.67683823529,0.5720817935075776,4.10855192094238
setengahgundul (30).jpg,12037.845986519607,0.6390476780767931,3.6609099787524073
setengahgundul (31).jpg,16536.178707107854,0.5299316524456487,4.382675153687288
setengahgundul (32).jpg,11881.297916666665,0.6605968099742524,3.4874242549651164
setengahgundul (33).jpg,13637.175382965683,0.599791830102975,3.930242465888027
setengahgundul (34).jpg,13963.59310661765,0.6065763731746197,3.8787575370480574
setengahgundul (35).jpg,13922.392432598039,0.6061340160798118,3.8932241404977987
setengahgundul (36).jpg,12491.523789828427,0.648451834962298,3.5621484183496936
setengahgundul (37).jpg,12880.644332107839,0.6290920827694462,3.721016369197561
setengahgundul (38).jpg,15872.655284926464,0.5573123121402599,4.201372315563659
setengahgundul (4).jpg,13714.658655024503,0.6364698055855218,3.646790613348183
setengahgundul (40).jpg,12654.89477634803,0.643516531077849,3.613445916339488
setengahgundul (42).jpg,15457.051056985294,0.5845124685196934,4.015902590550158
setengahgundul (43).jpg,11560.961412377445,0.6469907333042346,3.6061710837330283
setengahgundul (44).jpg,13466.354794730385,0.5875279991054225,4.01740594702302
setengahgundul (45).jpg,15450.43916973039,0.5636154870817008,4.1740778626859845
setengahgundul (46).jpg,14128.725061274505,0.609201509759238,3.85289979997939
setengahgundul (47).jpg,14811.14074754901,0.5715786383424887,4.139284647917183
setengahgundul (48).jpg,16566.213648897057,0.5267983829335892,4.398040124181873
setengahgundul (49).jpg,5830.998008578434,0.809686209299057,2.248418078509353
setengahgundul (5).jpg,12365.272549019612,0.6575592096909417,3.5295986625811184
setengahgundul (50).jpg,9868.111121323522,0.6942253773033372,3.249628795780345
setengahgundul (51).jpg,11707.690824142146,0.6326614480626865,3.721820344460031
setengahgundul (52).jpg,13146.363602941175,0.6276863960940434,3.7503595072305185
setengahgundul (53).jpg,15500.240977328427,0.5600868044085909,4.183866970377134
setengahgundul (54).jpg,11829.402910539213,0.6832437991467407,3.2885048592682855
setengahgundul (55).jpg,14223.884528186267,0.6199241902067073,3.768795342948594
setengahgundul (56).jpg,15909.826547181357,0.5435886518436841,4.297426136203588
setengahgundul (57).jpg,15871.404044117651,0.5466758220437639,4.2789736739671635
setengahgundul (58).jpg,6312.503201593137,0.8334980003018853,1.9952420636470192
setengahgundul (59).jpg,14351.963725490192,0.6102238296188777,3.8445241293921177
setengahgundul (6).jpg,9644.748835784309,0.6871804720844066,3.296208178422281
setengahgundul (60).jpg,14927.721155024507,0.5723507930061615,4.105684087075199
setengahgundul (61).jpg,14001.63794424019,0.5987295700075206,3.92962707292381
setengahgundul (62).jpg,12675.882092524504,0.6211696702211927,3.782609587175073
setengahgundul (63).jpg,6659.018673406863,0.767430575055918,2.628419016829156
setengahgundul (65).jpg,7473.591253063722,0.7604001807822152,2.6781468983941723
setengahgundul (66).jpg,10628.689062499994,0.6700702942453968,3.4480612114277718
setengahgundul (67).jpg,6905.01135110294,0.7762912556951156,2.5582114214644407
setengahgundul (68).jpg,9337.509420955876,0.7415189194263888,2.8494423212671154
setengahgundul (7).jpg,9071.161933210778,0.759606155249389,2.6708321086077538
setengahgundul (70).jpg,8512.908134191177,0.743057666457627,2.8405986618664
setengahgundul (71).jpg,10673.171109068626,0.6797001566539448,3.349041139984268
setengahgundul (72).jpg,14768.642830882345,0.5608699914241231,4.205152988747006
setengahgundul (73).jpg,11081.427297794104,0.6627384346493679,3.4830308066420215
setengahgundul (74).jpg,13412.938388480386,0.6089295802773692,3.8712576624349806
setengahgundul (75).jpg,11087.050321691173,0.6621126692565511,3.4741509966635533
setengahgundul (76).jpg,6213.142922794118,0.8130277097216783,2.215387958522666
setengahgundul (77).jpg,11849.770496323523,0.6642777187942882,3.469977316697266
setengahgundul (78).jpg,9099.92178308823,0.7150247329265683,3.0894572992224014
setengahgundul (79).jpg,8588.719699754902,0.7341307893363342,2.9303508881295817
setengahgundul (8).jpg,16419.871813725495,0.5445704517987299,4.286714890422214
setengahgundul (80).jpg,9371.396415441171,0.6974161070293233,3.2269269421805116
setengahgundul (81).jpg,6122.608241421564,0.7929909562351726,2.4223141850004444
setengahgundul (82).jpg,9455.727542892158,0.7168187587062804,3.059412605160945
setengahgundul (83).jpg,9750.632429534307,0.6878492929648604,3.297857148340248
setengahgundul (84).jpg,9797.441007965681,0.6863980903690791,3.3181811943530732
setengahgundul (85).jpg,12049.519546568623,0.6422460424214558,3.639649742602709
setengahgundul (86).jpg,8038.65047487745,0.7725734074252704,2.5669234415926847
setengahgundul (88).jpg,10711.652083333327,0.6601418683385587,3.508509263409017
setengahgundul (91).jpg,15982.42731311274,0.5330122620842055,4.3635310612438785
setengahgundul (92).jpg,12185.192907475479,0.6654275691735443,3.450352822007166
setengahgundul (93).jpg,7226.296262254898,0.8018458154438046,2.3129375989414602
setengahgundul (94).jpg,15490.599525122543,0.592611600153414,3.940698809948196
setengahgundul (95).jpg,6656.51726409314,0.7392126860153384,2.9001584132540446
setengahgundul (96).jpg,6361.717830882353,0.7372368544287178,2.8949774168555296
setengahgundul (97).jpg,7385.770159313723,0.6937072860278337,3.2483547180057357
setengahgundul (98).jpg,12229.504381127454,0.5918732376166465,3.9658685350188487
setengahgundul (99).jpg,10437.471354166659,0.6724547030838994,3.3910015340895363
setengahgundul (1).jpg,123.74165134803962,0.23605546857206372,11.800825246710069
setengahgundul (10).jpg,80.93429840686233,0.2692152814128365,11.296018392285971
setengahgundul (100).jpg,61.784727328431856,0.2871287207292973,10.948591485196811
setengahgundul (101).jpg,42.775842524510104,0.3143105561182336,10.411753772386623
setengahgundul (102).jpg,28.438618259804038,0.3666695004900714,10.671806943305885
setengahgundul (103).jpg,111.80537683823506,0.23694149005313742,11.875347968981197
setengahgundul (104).jpg,129.90413602941186,0.22309371473964112,12.09029865377273
setengahgundul (105).jpg,126.3763020833332,0.2217579191391542,11.8170638307841
setengahgundul (106).jpg,122.77492340686247,0.22385272176218463,12.015246569750373
setengahgundul (107).jpg,139.63753063725397,0.2059516242623272,12.228164265553495
setengahgundul (108).jpg,121.44108455882305,0.21526573852713118,12.20645420867189
setengahgundul (109).jpg,145.09273897058767,0.20358522597716433,12.082196405290103
setengahgundul (11).jpg,162.99993872549,0.1881941229882451,12.103346021423505
setengahgundul (110).jpg,113.83354779411783,0.21408375317972983,11.80053736416925
setengahgundul (111).jpg,93.52650122548876,0.23022546239097885,11.999799736974124
setengahgundul (112).jpg,79.51233149509765,0.2525785062491425,11.6233020589106
setengahgundul (113).jpg,88.33259803921584,0.23997237622570983,12.042095411273717
setengahgundul (114).jpg,97.49943321078429,0.22257962136665493,11.478577083239745
setengahgundul (115).jpg,91.64106924019582,0.23949251676480268,11.636211792405799
setengahgundul (116).jpg,64.64681372549067,0.26796639910490533,11.068514305017008
setengahgundul (117).jpg,45.117417279412265,0.2887777874088046,10.429726555772765
setengahgundul (118).jpg,182.306694240195,0.21060962016546753,12.36721270222093
setengahgundul (119).jpg,121.58331801470442,0.22415088197563712,11.76801522356681
setengahgundul (12).jpg,72.80661764705812,0.24234189702169967,10.938774315441114
setengahgundul (120).jpg,133.26613051470534,0.2266379268534107,11.746572657522796
setengahgundul (121).jpg,121.57329963235262,0.22935465635922478,11.738834790622521
setengahgundul (122).jpg,115.36934742646979,0.22704966453968745,11.679496546711434
setengahgundul (123).jpg,107.72328431372479,0.22794325478100919,11.734378073365402
setengahgundul (124).jpg,91.28662683823472,0.25560151834794964,11.384191010718194
setengahgundul (125).jpg,117.3595281862727,0.22386587479394762,11.869279462104249
setengahgundul (126).jpg,82.68805147058812,0.2680928708364828,11.29578573835103
setengahgundul (127).jpg,105.06835171568609,0.23702799565453134,11.768002517971311
setengahgundul (128).jpg,97.7748468137254,0.23725174953151293,11.25237913410625
setengahgundul (129).jpg,116.98670343137063,0.23415464437026895,11.926815400397482
setengahgundul (13).jpg,85.14828431372531,0.23278841949968193,11.192336944595132
setengahgundul (130).jpg,62.08342524509869,0.2536801307313767,11.2096250489206
setengahgundul (131).jpg,109.65836397058722,0.22773831306303938,11.51144543406117
setengahgundul (132).jpg,77.75746017156736,0.26285449717155424,11.389343980915468
setengahgundul (133).jpg,65.69131433823523,0.27525119650174656,11.306610036287147
setengahgundul (134).jpg,87.02164522058786,0.23928798107712443,11.141152758182965
setengahgundul (135).jpg,104.58583026960733,0.21893749314667837,11.613651389712963
setengahgundul (136).jpg,85.4709712009802,0.24681538185636662,12.007122057277021
setengahgundul (137).jpg,131.81786151960748,0.20505940244110415,12.569087833023515
setengahgundul (138).jpg,141.27202818627254,0.2016846749294526,12.66837082317101
setengahgundul (139).jpg,169.6354779411761,0.19827911030201525,12.62585466752941
setengahgundul (14).jpg,57.94283088235324,0.2590637636033734,10.676475801892904
setengahgundul (140).jpg,150.43970588235226,0.19541191472151198,12.585577785455234
setengahgundul (141).jpg,107.15251225490131,0.2372364317853591,12.073877752976196
setengahgundul (142).jpg,94.4534620098037,0.26557615408163443,11.840190679068495
setengahgundul (143).jpg,123.98207720588181,0.23124503401393529,12.224341194675143
setengahgundul (144).jpg,77.25845588235316,0.2582351279698537,11.890202947568467
setengahgundul (145).jpg,76.22951899509717,0.23458559355843622,11.200752120187948
setengahgundul (146).jpg,86.00545343137144,0.23407946265967622,11.698579621173089
setengahgundul (147).jpg,116.86934742646953,0.2116151530117033,11.783063544206373
setengahgundul (148).jpg,102.44132965686262,0.2141185526396121,11.448074157499
setengahgundul (149).jpg,115.3142156862745,0.20556600888877033,11.610302884705957
setengahgundul (15).jpg,48.35893075980419,0.27148321035364664,10.805382002552998
setengahgundul (150).jpg,102.1384191176472,0.2133391387312445,11.346129993306533
setengahgundul (151).jpg,83.08622855392046,0.26747621258503085,11.431116004563544
setengahgundul (152).jpg,62.49661458333384,0.2690842280854228,11.425505219114328
setengahgundul (153).jpg,163.6743872549015,0.19460591683441764,12.437400987102505
setengahgundul (154).jpg,119.62450980392121,0.20958098801502342,12.16042506786185
setengahgundul (155).jpg,107.96853553921567,0.22076660082071153,11.477542093501008
setengahgundul (156).jpg,144.27624080882305,0.20623038690130266,11.82896781744009
setengahgundul (157).jpg,125.92817095588185,0.2114370972850974,11.81503045629863
setengahgundul (158).jpg,128.28700980392105,0.21332130465868046,11.697442228098163
setengahgundul (159).jpg,176.6698988970594,0.19936706257927006,12.009636877991774
setengahgundul (16).jpg,97.01355698529326,0.22608925014085052,11.632001135782804
setengahgundul (160).jpg,121.15041360294072,0.22210251827234556,11.634624369609682
setengahgundul (161).jpg,139.0823988970591,0.20411161025024455,11.570751033270177
setengahgundul (162).jpg,126.1753063725495,0.22653395919327438,11.856854149854067
setengahgundul (163).jpg,185.85445772058785,0.19029575633363577,11.94549380634366
setengahgundul (164).jpg,139.71427696078354,0.21093471600454658,11.922568970352383
setengahgundul (165).jpg,198.5313265931377,0.18927357778646298,12.046435441828024
setengahgundul (166).jpg,69.82129289215652,0.24299378697620477,11.2070480083668
setengahgundul (167).jpg,94.01571691176433,0.2569083652700602,11.621166985994465
setengahgundul (17).jpg,118.0440104166664,0.22126075253831953,11.985257618832849
setengahgundul (18).jpg,73.04378063725478,0.25236090799777394,11.707044382287524
setengahgundul (19).jpg,81.22285539215622,0.24287516503457174,11.593263754083754
setengahgundul (2).jpg,108.78837316176323,0.22994241754335923,11.584117728905646
setengahgundul (20).jpg,93.83739276960716,0.23675103461871477,11.762327580616754
setengahgundul (21).jpg,94.57588848039178,0.22461104386938802,11.374817340809294
setengahgundul (22).jpg,87.52735906862715,0.23558070009493767,11.241622387138833
setengahgundul (23).jpg,72.64741115195957,0.24920756409298364,11.214975027843794
setengahgundul (24).jpg,58.88328737745125,0.2762050150650489,10.865614666127193
setengahgundul (25).jpg,101.48434436274431,0.23964817129696417,11.499232720352316
setengahgundul (26).jpg,109.41112132352758,0.24082092387950044,11.765590697852318
setengahgundul (27).jpg,121.06761642156876,0.20232098990152214,11.591578596551425
setengahgundul (28).jpg,182.1863357843133,0.191072899590981,12.906356208008923
setengahgundul (29).jpg,90.66740196078383,0.2353250382572464,11.47763815188332
setengahgundul (3).jpg,114.22809436274525,0.22068136085759604,11.701602579629563
setengahgundul (30).jpg,73.43547794117616,0.24579618908867343,11.204709132478081
setengahgundul (31).jpg,95.27231924019586,0.2272189656588379,11.215193467154897
setengahgundul (32).jpg,95.90569852941037,0.23862810276351457,11.425108005960688
setengahgundul (33).jpg,135.9714460784312,0.21582706980449104,11.930562050297093
setengahgundul (34).jpg,80.42916666666636,0.24973389805574464,11.262559735509907
setengahgundul (35).jpg,125.32507659313643,0.2149855306104756,11.866829896889383
setengahgundul (36).jpg,123.7542738970587,0.21929944488592246,11.902428751919993
setengahgundul (37).jpg,133.56669730392144,0.21189681957422338,11.784671784072179
setengahgundul (38).jpg,136.57958026960773,0.20911016724817422,11.933989856727722
setengahgundul (39).jpg,49.547487745098685,0.2912717524535309,10.309071537538092
setengahgundul (4).jpg,96.4440257352943,0.2449744064036545,11.753672814490383
setengahgundul (40).jpg,41.573943014706146,0.28592755764843364,10.574524331148739
setengahgundul (41).jpg,52.10761335784367,0.26838055339673617,10.606567165172647
setengahgundul (42).jpg,45.808532475490345,0.27670707928154104,10.697753364995721
setengahgundul (43).jpg,93.60027573529379,0.24366411189946705,11.343719753134241
setengahgundul (44).jpg,112.12205882352829,0.22044834721720935,11.560915633567106
setengahgundul (45).jpg,97.02094056372462,0.23289103309519307,11.529780781343677
setengahgundul (46).jpg,94.75556066176347,0.23473616918351328,11.584636473591969
setengahgundul (47).jpg,97.99851409313676,0.22547653914651314,11.222291236820716
setengahgundul (48).jpg,98.95638786764614,0.22723848748474942,11.278594798794975
setengahgundul (49).jpg,78.95166973039188,0.25498215540447416,11.316369614390995
setengahgundul (5).jpg,68.71144301470606,0.2481306141681056,10.634223140775907
setengahgundul (50).jpg,72.60975796568604,0.248128910823172,11.09879002916128
setengahgundul (51).jpg,70.14016544117594,0.26590137892132826,10.882267930723273
setengahgundul (52).jpg,72.03627450980336,0.28187025787498476,10.818547359689402
setengahgundul (53).jpg,75.93961397058823,0.27670177125429946,10.84993764893452
setengahgundul (54).jpg,69.87798713235286,0.2913087530249869,10.68050730644249
setengahgundul (55).jpg,80.96897977941184,0.27080699847407097,11.035932142410605
setengahgundul (56).jpg,92.17696078431281,0.23375582089438496,11.181512205627632
setengahgundul (57).jpg,95.45474877450964,0.23218438510707978,11.211686659408755
setengahgundul (58).jpg,45.00260416666698,0.32645030533518604,10.170774567629639
setengahgundul (59).jpg,77.48356311274482,0.27352938602934307,10.869922004547211
setengahgundul (6).jpg,206.4713388480393,0.17802686705840207,12.544284464343137
setengahgundul (60).jpg,98.15917585784254,0.25062790576325983,10.989514687924538
setengahgundul (61).jpg,80.01170343137187,0.24241274051946415,10.960095394167572
setengahgundul (62).jpg,116.28733149509738,0.22297088770370732,11.620671625372667
setengahgundul (63).jpg,167.3006280637246,0.18048588126457973,12.180224869025464
setengahgundul (64).jpg,178.0397365196079,0.1798914738069188,12.061513387914939
setengahgundul (65).jpg,120.1942708333319,0.22883524162646948,12.070766542021525
setengahgundul (66).jpg,86.93532475490078,0.239950086323562,11.604205663499242
setengahgundul (67).jpg,113.27164522058692,0.2275533372808885,11.67662352501895
setengahgundul (68).jpg,101.70024509803933,0.2319370947195304,11.63262046486945
setengahgundul (69).jpg,183.10998774509784,0.179901662324063,12.196380378201885
setengahgundul (7).jpg,94.31727941176484,0.23545342006643413,11.672307336477035
setengahgundul (70).jpg,81.8495863970576,0.2563180832607667,11.235326363866518
setengahgundul (71).jpg,108.31888786764551,0.23214335989084753,11.595641672712876
setengahgundul (72).jpg,114.86643688725441,0.21709704940066105,11.552607504685573
setengahgundul (73).jpg,119.53411458333275,0.22342206637403536,11.53747327621027
setengahgundul (74).jpg,103.00119485294104,0.227628029122292,11.443049358802
setengahgundul (75).jpg,156.76786151960758,0.22185282260504618,11.717062799733233
setengahgundul (76).jpg,75.29851409313642,0.2700622024153155,11.282981127228933
setengahgundul (77).jpg,103.86380208333202,0.24083101477150354,11.682484911918067
setengahgundul (78).jpg,85.70143995098,0.24303568667859243,11.221021347360017
setengahgundul (79).jpg,98.8930453431363,0.23629233869167096,11.535991132764323
setengahgundul (8).jpg,80.21617647058756,0.26408514784292575,11.203616602914702
setengahgundul (80).jpg,119.28811274509675,0.2218645697236643,11.802202851053238
setengahgundul (81).jpg,101.56544117646976,0.23059947603277914,11.594220354249922
setengahgundul (82).jpg,94.43668811274483,0.24068905108624924,11.44779759641303
setengahgundul (83).jpg,147.03448223039118,0.21420614711493968,11.895202862399234
setengahgundul (84).jpg,125.90611213235152,0.21754514063122962,11.80176957619216
setengahgundul (85).jpg,126.1565410539204,0.21668309493830903,11.786592222314846
setengahgundul (86).jpg,110.47081801470598,0.21820089402932794,11.688625843055283
setengahgundul (87).jpg,112.06389399509693,0.23299662003995705,11.746417417655369
setengahgundul (88).jpg,100.36515012254789,0.22358165990840181,11.61597137710492
setengahgundul (89).jpg,75.29212622548971,0.2578389461587734,11.417474422086263
setengahgundul (9).jpg,88.19246323529394,0.24436007825930786,11.348262731949399
setengahgundul (90).jpg,51.26158088235328,0.28399348216539716,10.846221361850498
setengahgundul (91).jpg,91.33042279411728,0.23174983913174144,11.29453861674897
setengahgundul (92).jpg,56.24096200980426,0.26533123178652396,11.120859515035999
setengahgundul (93).jpg,60.244056372549544,0.306086253567537,10.696876625052496
setengahgundul (94).jpg,88.1168964460787,0.23380406721348812,11.355495318233082
setengahgundul (95).jpg,99.20326286764687,0.22494208712881117,11.879718243970151
setengahgundul (96).jpg,101.46303615196062,0.22042057337365067,11.73396646760392
setengahgundul (97).jpg,109.75019914215675,0.2122276469977699,11.533222566710412
setengahgundul (98).jpg,90.36738664215663,0.22734999446599286,11.251492532291799
setengahgundul (99).jpg,71.62591911764706,0.24258903683525637,11.139112508599396
